Time,Time Code,Country Name,Country Code,"GDP per capita, PPP (constant 2017 international $) [NY.GDP.PCAP.PP.KD]","International tourism, expenditures (% of total imports) [ST.INT.XPND.MP.ZS]","International tourism, expenditures (current US$) [ST.INT.XPND.CD]","International tourism, expenditures for passenger transport items (current US$) [ST.INT.TRNX.CD]","International tourism, expenditures for travel items (current US$) [ST.INT.TVLX.CD]","International tourism, number of arrivals [ST.INT.ARVL]","International tourism, number of departures [ST.INT.DPRT]",Losses due to theft and vandalism (% of annual sales of affected firms) [IC.FRM.CRIM.ZS],Consumer price index (2010 = 100) [FP.CPI.TOTL],Price level ratio of PPP conversion factor (GDP) to market exchange rate [PA.NUS.PPPC.RF]
2019,YR2019,Afghanistan,AFG,"2065,036235","2,279257999",168000000,39000000,129000000,,,,"149,8959752","0,229616946"
2020,YR2020,Afghanistan,AFG,"1970,560169","0,701718914",49000000,19000000,30000000,,,,,"0,248618269"
2021,YR2021,Afghanistan,AFG,,,,,,,,,,
2019,YR2019,Albania,ALB,"13653,20157","26,7405365",1852000000,82000000,1770000000,6406000,5922000,"4,5","119,0492584","0,38545985"
2020,YR2020,Albania,ALB,"13253,73334","14,19431235",805000000,42000000,763000000,2658000,2907000,,"120,9789119","0,391144917"
2021,YR2021,Albania,ALB,"14520,11103",,,,,,,,"123,448662","0,415081713"
2019,YR2019,Algeria,DZA,"11521,98421","1,234818416",670000000,32000000,638000000,2371000,5732000,,"151,3616678","0,332243528"
2020,YR2020,Algeria,DZA,"10735,38254","0,641575959",272000000,38000000,234000000,591000,1386000,,"155,0172502","0,292039833"
2021,YR2021,Algeria,DZA,"10957,15992",,,,,,,,"166,2188945","0,31277595"
2019,YR2019,American Samoa,ASM,,,,,,"19200,00076",,,,
2020,YR2020,American Samoa,ASM,,,,,,"899,9999762",,,,
2021,YR2021,American Samoa,ASM,,,,,,,,,,
2019,YR2019,Andorra,AND,,"9,202301386",187000000,7000000,180000000,8235000,,,,
2020,YR2020,Andorra,AND,,,,,,5207000,,,,
2021,YR2021,Andorra,AND,,,,,,,,,,
2019,YR2019,Angola,AGO,"6712,021615","3,215343436",717000000,248000000,469000000,218000,,,"378,8837215","0,311323188"
2020,YR2020,Angola,AGO,"6141,963839","4,562354804",691000000,76000000,615000000,,,,,"0,251828965"
2021,YR2021,Angola,AGO,"5990,416805",,,,,,,,,"0,324858797"
2019,YR2019,Antigua and Barbuda,ATG,"21850,13341","10,08688503",119000000,27000000,92000000,1035000,,,"115,4366126","0,763060497"
2020,YR2020,Antigua and Barbuda,ATG,"17293,30231","4,74451966",35000000,8000000,27000000,384500,,,"116,1592339","0,76713008"
2021,YR2021,Antigua and Barbuda,ATG,"18057,29129",,,,,,,,"118,5555947","0,751137221"
2019,YR2019,Argentina,ARG,"22066,10101","14,79164639",9845000000,1995000000,7850000000,7399000,15352000,,,"0,438152089"
2020,YR2020,Argentina,ARG,"19690,66146","5,285402643",2746000000,400000000,2346000000,,,,,"0,413389251"
2021,YR2021,Argentina,ARG,"21506,91933",,,,,,,,,"0,454101389"
2019,YR2019,Armenia,ARM,"13653,76338","20,53793594",1543000000,54000000,1489000000,1894000,1868000,,"129,1760073","0,323586895"
2020,YR2020,Armenia,ARM,"12619,89215","6,575453506",330000000,23000000,307000000,375000,346000,"1,3","130,7408917","0,320487496"
2021,YR2021,Armenia,ARM,"13317,23161",,,,,,,,"140,1344107","0,319202381"
2019,YR2019,Aruba,ABW,"38221,11731","17,81228143",399000000,10000000,389000000,1951000,,,"109,5343554","0,781636525"
2020,YR2020,Aruba,ABW,"29563,75695","18,60362204",310000000,4000000,306000000,,,,,"0,749909353"
2021,YR2021,Aruba,ABW,,,,,,,,,,
2019,YR2019,Australia,AUS,"49309,1124","13,99133823",41345000000,5377000000,35968000000,9466000,11624000,,"119,7970864","1,060424832"
2020,YR2020,Australia,AUS,"48678,68244","3,060276775",7654000000,1166000000,6488000000,1828000,2832000,,"120,8116545","0,969304867"
2021,YR2021,Australia,AUS,"49308,51379",,,,,,,,"124,2715921","1,073945071"
2019,YR2019,Austria,AUT,"55833,5599","6,006606395",13922000000,2333000000,11589000000,31884000,11902000,,"118,0579801","0,862905505"
2020,YR2020,Austria,AUT,"51857,69232","2,636205478",5551000000,648000000,4903000000,15091000,3964000,,"119,6894358","0,872547594"
2021,YR2021,Austria,AUT,"53944,52558",,,,,,,,"123,0008436","0,911692896"
2019,YR2019,Azerbaijan,AZE,"14442,04087","10,38252221",1839000000,137000000,1702000000,3170000,5568000,,"156,8915643","0,319286061"
2020,YR2020,Azerbaijan,AZE,"13726,76966","2,825364358",439000000,27000000,412000000,796000,1165000,,"161,2214726","0,292150672"
2021,YR2021,Azerbaijan,AZE,"14421,04628",,,,,,,,"171,9431828","0,339839206"
2019,YR2019,"Bahamas, The",BHS,"36522,40299","10,59398584",514000000,179000000,335000000,7250000,,,"116,2189112","0,889882777"
2020,YR2020,"Bahamas, The",BHS,"27555,65735","4,86908323",166000000,56000000,110000000,1794500,,,"116,26368","0,848625527"
2021,YR2021,"Bahamas, The",BHS,"31046,79109",,,,,,,,"119,6410383","0,827943328"
2019,YR2019,Bahrain,BHR,"45311,8683",,2637000000,917000000,1720000000,11061000,2950000,,"118,7721119","0,498735001"
2020,YR2020,Bahrain,BHR,"41545,8415",,,,,1909000,,,"116,0193231","0,465677286"
2021,YR2021,Bahrain,BHR,"41335,63311",,,,,,,,"115,3158755","0,489578875"
2019,YR2019,Bangladesh,BGD,"5550,032778","2,16241812",1389000000,469000000,920000000,323000,,,"179,6798217","0,372428492"
2020,YR2020,Bangladesh,BGD,"5684,113533","1,160694395",659000000,265000000,394000000,,,,"189,9055347","0,378681109"
2021,YR2021,Bangladesh,BGD,"6019,518752",,,,,,,,"200,4370392","0,378502776"
2019,YR2019,Barbados,BRB,"15499,80821",,,,,966000,,,"134,0911741","1,143994644"
2020,YR2020,Barbados,BRB,"13316,48739",,,,,,,,,"1,161826288"
2021,YR2021,Barbados,BRB,"13487,10189",,,,,,,,,"1,149631831"
2019,YR2019,Belarus,BLR,"19279,20925","2,88947777",1224500000,102000000,1122500000,11832000,9221000,,"508,3392944","0,340305506"
2020,YR2020,Belarus,BLR,"19186,77581","1,351803255",477000000,32000000,445000000,3598000,2810000,,"536,5426883","0,323923916"
2021,YR2021,Belarus,BLR,"19751,20391",,,,,,,,"587,3011498","0,336597983"
2019,YR2019,Belgium,BEL,"51937,42361","4,81069755",20998000000,2259000000,18739000000,9343000,14191000,,"117,1104572","0,858520524"
2020,YR2020,Belgium,BEL,"48752,50159","3,394909873",13928000000,893000000,13035000000,2584000,5850000,"1,1","117,9780019","0,851501488"
2021,YR2021,Belgium,BEL,"51601,88777",,,,,,,,"120,8569583","0,878448431"
2019,YR2019,Belize,BLZ,"7152,657414","3,773294614","45400001,53",2000000,"43400001,53",1674000,,,,"0,66849748"
2020,YR2020,Belize,BLZ,"5845,706062","2,443950413","22040000,92","1490000,01","20549999,24",487000,,,,"0,646755404"
2021,YR2021,Belize,BLZ,"6300,274443",,,,,,,,,"0,6386655"
2019,YR2019,Benin,BEN,"3287,309538","3,0186217",130000000,36000000,94000000,337000,,,"110,7200402","0,355953892"
2020,YR2020,Benin,BEN,"3323,144451",,,,,,,,"114,0667983","0,368328096"
2021,YR2021,Benin,BEN,"3449,199483",,,,,,,,"116,044206","0,376971268"
2019,YR2019,Bermuda,BMU,"81681,72667","15,37892575",342000000,78000000,264000000,805000,,,,"1,364435973"
2020,YR2020,Bermuda,BMU,"76105,13806","12,30149481",212000000,21000000,191000000,"51400,00153",,,,"1,341745421"
2021,YR2021,Bermuda,BMU,"77546,61033",,,,,,,,,"1,301402099"
2019,YR2019,Bhutan,BTN,"11864,76625","5,448371692",67000000,,67000000,316000,72000,,"167,1824587","0,268720198"
2020,YR2020,Bhutan,BTN,"10551,45185","4,207068079",50000000,,50000000,"29799,99924",,,"176,5948174","0,269628432"
2021,YR2021,Bhutan,BTN,,,,,,,,,"189,5689536",
2019,YR2019,Bolivia,BOL,"8724,474187","9,29140481",1111000000,174000000,937000000,1239000,1160000,,"148,3175185","0,390651094"
2020,YR2020,Bolivia,BOL,"7853,053972","3,931778572",325000000,51000000,274000000,"323299,9878",432000,,"149,7128039","0,378840989"
2021,YR2021,Bolivia,BOL,"8219,942366",,,,,,,,"150,8167617","0,37815573"
2019,YR2019,Bosnia and Herzegovina,BIH,"14896,79651","3,523208711",393000000,108000000,285000000,1198000,,"1,5","104,8961374","0,389514974"
2020,YR2020,Bosnia and Herzegovina,BIH,"14520,90604","1,679757108",163000000,51000000,112000000,197000,,,"103,7933684","0,389934538"
2021,YR2021,Bosnia and Herzegovina,BIH,"15634,92656",,,,,,,,"105,8501783","0,410557471"
2019,YR2019,Botswana,BWA,"16404,44491","3,829868409","294700012,2","3700000,048",291000000,,,,"149,7536988","0,423905916"
2020,YR2020,Botswana,BWA,"14667,80372","1,24911496","91800003,05","2799999,952",89000000,,,,"152,5845815","0,410367359"
2021,YR2021,Botswana,BWA,"16023,85462",,,,,,,,"163,633197","0,417386187"
2019,YR2019,Brazil,BRA,"14736,15606","7,872354396",21178000000,3585000000,17593000000,6353000,,,"167,3978603","0,577940364"
2020,YR2020,Brazil,BRA,"14063,97183","2,848309203",6490000000,1096000000,5394000000,,,,"172,7742913","0,459403171"
2021,YR2021,Brazil,BRA,"14615,04558",,,,,,,,"187,1174251","0,468287663"
2019,YR2019,"Virgin Islands, British",VGB,,,,,,"302399,9939",,,,
2020,YR2020,"Virgin Islands, British",VGB,,,,,,83000,,,,
2021,YR2021,"Virgin Islands, British",VGB,,,,,,,,,,
2019,YR2019,Brunei Darussalam,BRN,"62098,01138",,,,613000000,4449000,,,"99,02681657","0,48032328"
2020,YR2020,Brunei Darussalam,BRN,"62200,88204",,,,97000000,1071000,,,"100,9482537","0,41829084"
2021,YR2021,Brunei Darussalam,BRN,"60640,97344",,,,,,,,"102,6981047","0,476174146"
2019,YR2019,Bulgaria,BGR,"23265,87692","5,248238578",2196000000,371000000,1825000000,12552000,7007000,"2,6","114,4183932","0,403274506"
2020,YR2020,Bulgaria,BGR,"22379,09431","3,306509504",1263000000,215000000,1048000000,4973000,3973000,,"116,3319732","0,410316878"
2021,YR2021,Bulgaria,BGR,"23431,96761",,,,,,,,"120,1683043","0,435677956"
2019,YR2019,Burkina Faso,BFA,"2175,50468","3,686928085","185199996,9","70599998,47","114599998,5",143000,,,"108,3590229","0,351125941"
2020,YR2020,Burkina Faso,BFA,"2155,76936",,,,,67000,,,"110,4012662","0,377307105"
2021,YR2021,Burkina Faso,BFA,"2240,992193",,,,,,,,"114,4345199","0,37293822"
2019,YR2019,Burundi,BDI,"751,4434047",,,,,,,,"182,11234","0,285846461"
2020,YR2020,Burundi,BDI,"731,0640736",,,,,,,,"195,4449782","0,303251375"
2021,YR2021,Burundi,BDI,"722,0462735",,,,,,,,"211,8712266","0,298518076"
2019,YR2019,Cabo Verde,CPV,"7171,826425","8,304827835",107000000,22000000,85000000,758000,,,"110,5016065","0,482141978"
2020,YR2020,Cabo Verde,CPV,"6045,060885","5,855345524",59000000,7000000,52000000,180000,,,"111,1710206","0,480585574"
2021,YR2021,Cabo Verde,CPV,"6397,30453",,,,,,,,"113,2411951","0,490286507"
2019,YR2019,Cambodia,KHM,"4388,800909","4,554087298",1162000000,251000000,911000000,6611000,2038000,,"130,113128","0,359228502"
2020,YR2020,Cambodia,KHM,"4193,798722","0,922451013",213000000,44000000,169000000,1306000,326000,,"133,938838","0,349840683"
2021,YR2021,Cambodia,KHM,"4262,721656",,,,,,,,"137,8508362","0,339729884"
2019,YR2019,Cameroon,CMR,"3742,856779","10,83056072",984000000,235000000,749000000,1021000,,,"118,6485883","0,39301857"
2020,YR2020,Cameroon,CMR,"3666,410626","9,663834993",697000000,144000000,553000000,,,,"121,5407767","0,397478461"
2021,YR2021,Cameroon,CMR,"3699,695384",,,,,,,,"124,3020101","0,408836423"
2019,YR2019,Canada,CAN,"49171,51109",,,,35776000000,32430000,"37845898,44",,"116,7572982","0,939744677"
2020,YR2020,Canada,CAN,"46064,25396",,,,12078000000,,,,"117,5944476","0,928844289"
2021,YR2021,Canada,CAN,"47903,02891",,,,,,,,"121,5870063","0,999353284"
2019,YR2019,Cayman Islands,CYM,"73724,96695","10,90209042",299000000,72000000,227000000,2334000,,,,"1,191010053"
2020,YR2020,Cayman Islands,CYM,"68717,65041",,,,,660000,,,,"1,177505079"
2021,YR2021,Cayman Islands,CYM,,,,,,,,,,
2019,YR2019,Central African Republic,CAF,"946,0596566",,,,,87000,,,"151,7850853","0,474770128"
2020,YR2020,Central African Republic,CAF,"937,8564701",,,,,,,,"154,380848","0,486996733"
2021,YR2021,Central African Republic,CAF,"928,9439272",,,,,,,,"160,9564905","0,501193654"
2019,YR2019,Chad,TCD,"1579,626101",,,,,81000,,,"117,6982047","0,430992415"
2020,YR2020,Chad,TCD,"1509,027172",,,,,"10399,99962",5500,,"122,9524225","0,40985206"
2021,YR2021,Chad,TCD,"1447,806492",,,,,,,,"122,0021916","0,437849465"
2019,YR2019,Channel Islands,CHI,,,,,,,,,,
2020,YR2020,Channel Islands,CHI,,,,,,,,,,
2021,YR2021,Channel Islands,CHI,,,,,,,,,,
2019,YR2019,Chile,CHL,"24931,12188","3,919060597",3142000000,714000000,2428000000,5431000,4091000,,"131,913567","0,58048535"
2020,YR2020,Chile,CHL,"23239,37006","1,083807964",720000000,190000000,530000000,,,,"135,9309826","0,526946242"
2021,YR2021,Chile,CHL,"25821,11385",,,,,,,,"142,0812728","0,567028781"
2019,YR2019,China,CHN,"15977,76383",,,,"2,54621E+11",162538000,154632000,,"125,0831544","0,609162744"
2020,YR2020,China,CHN,"16296,7789",,,,"1,30504E+11",30402000,20334000,,"128,1094436","0,605532557"
2021,YR2021,China,CHN,"17602,69606",,,,,,,,"129,3662166","0,649300917"
2019,YR2019,Colombia,COL,"14571,99095","8,642103259",5658000000,723000000,4935000000,4531000,4479000,,"140,9503739","0,409530858"
2020,YR2020,Colombia,COL,"13400,27194","3,071979835",1576000000,180000000,1396000000,1396000,1275000,,"144,508836","0,357279439"
2021,YR2021,Colombia,COL,"14705,10766",,,,,,,,"149,5596303","0,362927209"
2019,YR2019,Comoros,COM,"3058,980105","15,00312085",53000000,22000000,31000000,"45099,99847",,,,"0,440525902"
2020,YR2020,Comoros,COM,"2984,413403","12,51197193",43000000,12000000,31000000,7000,,,,"0,447100821"
2021,YR2021,Comoros,COM,"2989,638089",,,,,,,,,"0,455086778"
2019,YR2019,"Congo, Democratic Republic of the",COD,"1097,94884",,,,96000000,,,,,"0,521338093"
2020,YR2020,"Congo, Democratic Republic of the",COD,"1082,445242",,,,204000000,,,,,"0,476428135"
2021,YR2021,"Congo, Democratic Republic of the",COD,"1109,388004",,,,,,,,,"0,479259669"
2019,YR2019,"Congo, Republic of the",COG,"3825,70148",,,,,,,,"124,7404961","0,594339649"
2020,YR2020,"Congo, Republic of the",COG,"3497,565454",,,,,,,,"126,9800514","0,514969016"
2021,YR2021,"Congo, Republic of the",COG,"3292,263727",,,,,,,,"129,1585754","0,612099474"
2019,YR2019,Costa Rica,CRI,"20970,54415","6,547209082",1330000000,380000000,950000000,3366000,1153000,,"128,8457433","0,563886918"
2020,YR2020,Costa Rica,CRI,"19937,16874","3,921919092",697000000,397000000,300000000,1146500,324000,,"129,7797609","0,548553977"
2021,YR2021,Costa Rica,CRI,"21260,76233",,,,,,,,"132,0203794","0,53485034"
2019,YR2019,Côte d’Ivoire,CIV,"5212,554021","5,450045985",702000000,228000000,474000000,2070000,,,"111,6069779","0,419017468"
2020,YR2020,Côte d’Ivoire,CIV,"5181,31116","2,488124167",315000000,110000000,205000000,668000,,,"114,3134544","0,425561653"
2021,YR2021,Côte d’Ivoire,CIV,"5406,69134",,,,,,,,"118,991106","0,434151989"
2019,YR2019,Croatia,HRV,"29336,08545","5,698113072",1811000000,47000000,1764000000,60021000,3500000,"1,4","109,8156764","0,501303042"
2020,YR2020,Croatia,HRV,"27076,9791","2,821934231","789687194,8",14000000,"775687194,8",21608000,678000,,"109,9856836","0,491046943"
2021,YR2021,Croatia,HRV,"31046,62757",,,,,,,,"112,7952756","0,514747991"
2019,YR2019,Cuba,CUB,,,,,,4276000,650000,,,
2020,YR2020,Cuba,CUB,,,,,,1086000,271000,,,
2021,YR2021,Cuba,CUB,,,,,,,,,,
2019,YR2019,Curacao,CUW,"23659,23434","17,63377769",411000000,70000000,341000000,1293000,,,"115,5332021","0,771528931"
2020,YR2020,Curacao,CUW,"19607,43191","7,427521208",127000000,25000000,102000000,,,,,"0,778959965"
2021,YR2021,Curacao,CUW,,,,,,,,,,
2019,YR2019,Cyprus,CYP,"41521,92188","8,220925305",1596000000,,1596000000,4117000,1578000,"6,2","102,5109919","0,689816945"
2020,YR2020,Cyprus,CYP,"39007,71484","4,549907899",880000000,,880000000,,,,"101,8565384","0,699145558"
2021,YR2021,Cyprus,CYP,"40791,42578",,,,,,,,"104,3480396","0,723714562"
2019,YR2019,Czech Republic,CZE,"40981,05651","3,519821391",6034000000,145000000,5889000000,37202000,7346000,"0,9","116,475542","0,552200765"
2020,YR2020,Czech Republic,CZE,"38511,26898","2,238538356",3495000000,65000000,3430000000,,2399000,,"120,1576778","0,551179716"
2021,YR2021,Czech Republic,CZE,"39777,78924",,,,,,,,"124,7715463","0,595978073"
2019,YR2019,Denmark,DNK,"57161,68639",,,,10037000000,33093000,9088000,,"110,3472904","1,018309073"
2020,YR2020,Denmark,DNK,"55819,90953",,,,5636000000,15595000,4230000,"0,6","110,8115347","1,013837005"
2021,YR2021,Denmark,DNK,"58187,04122",,,,,,,,"112,8649228","1,048751297"
2019,YR2019,Djibouti,DJI,"5260,015344",,,,25000000,,,,"120,2509224","0,578756596"
2020,YR2020,Djibouti,DJI,"5245,413878",,,,"14899999,62",,,,"122,3882717","0,581942186"
2021,YR2021,Djibouti,DJI,"5393,976153",,,,,,,,,"0,567638921"
2019,YR2019,Dominica,DMA,"12329,82527","7,478152098",31000000,9000000,22000000,322000,,,"105,4324753","0,662735188"
2020,YR2020,Dominica,DMA,"10256,33082","3,22895215",9000000,3000000,6000000,140000,,,"104,6658585","0,647424928"
2021,YR2021,Dominica,DMA,"10899,25567",,,,,,,,"105,2071611","0,631372844"
2019,YR2019,Dominican Republic,DOM,"18412,89999","4,321944059",1060000000,436000000,624000000,7550000,532000,,"132,1722349","0,431584851"
2020,YR2020,Dominican Republic,DOM,"17003,01302","2,186987425",444000000,230000000,214000000,2748000,210000,,"137,1697091","0,405270357"
2021,YR2021,Dominican Republic,DOM,"18905,22039",,,,,,,,"148,476613","0,414257547"
2019,YR2019,Ecuador,ECU,"11370,6033","6,372604458",1650000000,434000000,1216000000,2108000,1515000,,"124,1426747","0,525085634"
2020,YR2020,Ecuador,ECU,"10325,00171","2,681473956",533000000,125000000,408000000,,,,"123,7219895","0,516761828"
2021,YR2021,Ecuador,ECU,"10614,64238",,,,,,,,"123,8868507","0,508942388"
2019,YR2019,Egypt,EGY,"11763,25328","4,709261971",3718000000,200000000,3518000000,13026000,,,"288,5727744","0,246261181"
2020,YR2020,Egypt,EGY,"11951,44753","3,556725495",2578000000,69000000,2509000000,,,"3,6","303,1310772","0,283136103"
2021,YR2021,Egypt,EGY,"12121,15916",,,,,,,,"319,9419501","0,291100051"
2019,YR2019,El Salvador,SLV,"8776,119516","4,042154961",504000000,33000000,471000000,2639000,1899000,,"111,2283523","0,455663418"
2020,YR2020,El Salvador,SLV,"7982,626119","1,505016349",162000000,20000000,142000000,707000,515000,,"110,8150386","0,451155226"
2021,YR2021,El Salvador,SLV,"8800,993225",,,,,,,,"114,6569139","0,455956637"
2019,YR2019,Equatorial Guinea,GNQ,"18600,39178",,,,,,,,"124,3467228","0,432322016"
2020,YR2020,Equatorial Guinea,GNQ,"17214,73818",,,,,,,,"130,2776946","0,396438412"
2021,YR2021,Equatorial Guinea,GNQ,"16500,33569",,,,,,,,,"0,466828448"
2019,YR2019,Eritrea,ERI,,,,,,,,,,
2020,YR2020,Eritrea,ERI,,,,,,,,,,
2021,YR2021,Eritrea,ERI,,,,,,,,,,
2019,YR2019,Estonia,EST,"36401,10885","8,334319897",1808000000,263000000,1545000000,6103000,1702000,"1,1","122,1423128","0,618152554"
2020,YR2020,Estonia,EST,"35257,16203","3,104565879",676000000,82000000,594000000,1695000,558000,,"121,5993523","0,612411288"
2021,YR2021,Estonia,EST,"38207,40861",,,,,,,,"127,2575729","0,646591117"
2019,YR2019,Eswatini,SWZ,"8652,922717","1,713062952",33000000,1000000,32000000,1226000,1721000,,"166,8218664","0,431337468"
2020,YR2020,Eswatini,SWZ,"8404,727199","2,146950013","36400001,53","400000,006",36000000,"345299,9878",488000,,,"0,387446718"
2021,YR2021,Eswatini,SWZ,"8934,877868",,,,,,,,,"0,4293951"
2019,YR2019,Ethiopia,ETH,"2221,404665","3,437835179",661000000,,661000000,812000,,,"322,5198479","0,36963388"
2020,YR2020,Ethiopia,ETH,"2296,89044","1,878311911",322500000,500000,322000000,518000,,,"388,1731068","0,386534896"
2021,YR2021,Ethiopia,ETH,"2366,419051",,,,,,,,"492,3569139","0,36310057"
2019,YR2019,Faroe Islands,FRO,,,,,,,,,,
2020,YR2020,Faroe Islands,FRO,,,,,,,,,,
2021,YR2021,Faroe Islands,FRO,,,,,,,,,,
2019,YR2019,Fiji,FJI,"13684,29169","5,427160959",174000000,9000000,165000000,969000,174000,,"132,2972456","0,43303629"
2020,YR2020,Fiji,FJI,"11526,96229","3,894708972",77000000,2000000,75000000,168000,,,"128,8638103","0,419702403"
2021,YR2021,Fiji,FJI,"10977,45293",,,,,,,,"129,0646519","0,421730226"
2019,YR2019,Finland,FIN,"48582,58759","6,413612406",6841000000,1163000000,5678000000,3290000,10440000,,"112,3317121","0,966358384"
2020,YR2020,Finland,FIN,"47397,41835","2,010361153",1940000000,294000000,1646000000,896000,2690000,"0,7","112,658097","0,965127157"
2021,YR2021,Finland,FIN,"48936,7094",,,,,,,,"115,1304627","0,981383503"
2019,YR2019,France,FRA,"46017,76596","6,500920232",59751000000,9244000000,50507000000,217877000,49276000,,"110,0485668","0,8269144"
2020,YR2020,France,FRA,"42320,52414","3,859699498",31193000000,3435000000,27758000000,117109000,21287000,,"110,5729469","0,830732936"
2021,YR2021,France,FRA,"45187,44629",,,,,,,,"112,3889211","0,85786875"
2019,YR2019,French Polynesia,PYF,,,,,,300000,63000,,,
2020,YR2020,French Polynesia,PYF,,,,,,"89400,00153",12000,,,
2021,YR2021,French Polynesia,PYF,,,,,,,,,,
2019,YR2019,Gabon,GAB,"14945,85929",,,,,,,,"122,6279263","0,498630961"
2020,YR2020,Gabon,GAB,"14320,84465",,,,,,,,"124,0710261","0,455587755"
2021,YR2021,Gabon,GAB,"14197,6988",,,,,,,,,"0,513991323"
2019,YR2019,"Gambia, The",GMB,"2226,343905","1,561162499",10000000,"699999,9881","9300000,191",620000,,,"172,7304356","0,332932657"
2020,YR2020,"Gambia, The",GMB,"2158,442317","0,752554888","5199999,809","200000,003",5000000,246000,,,"182,9755551","0,332687447"
2021,YR2021,"Gambia, The",GMB,"2215,464634",,,,,,,,"196,4614895","0,343315244"
2019,YR2019,Georgia,GEO,"14989,25816","10,12123755",1124000000,467000000,657000000,7726000,3780000,"1,3","133,6124667","0,300613786"
2020,YR2020,Georgia,GEO,"13966,32634","3,256229415",292000000,112000000,180000000,1513000,,,"140,5636083","0,288893153"
2021,YR2021,Georgia,GEO,"15471,71501",,,,,,,,"154,0112083","0,296660666"
2019,YR2019,Germany,DEU,"53929,63929","6,347306837","1,01231E+11",8134000000,93097000000,39563000,99533000,,"112,8548873","0,840835065"
2020,YR2020,Germany,DEU,"51423,23504",,,,38752000000,12449000,,,"113,4267116","0,843341639"
2021,YR2021,Germany,DEU,"52930,80887",,,,,,,,"116,9916788","0,876987747"
2019,YR2019,Ghana,GHA,"5540,045627","5,128536981",1380000000,1052000000,328000000,,,,"278,4517371","0,389102818"
2020,YR2020,Ghana,GHA,"5451,121442","3,85408716",946000000,841000000,105000000,,,,"305,9830666","0,39205026"
2021,YR2021,Ghana,GHA,"5623,80586",,,,,,,,"336,4929095","0,395787945"
2019,YR2019,Gibraltar,GIB,,,,,,,,,,
2020,YR2020,Gibraltar,GIB,,,,,,,,,,
2021,YR2021,Gibraltar,GIB,,,,,,,,,,
2019,YR2019,Greece,GRC,"29698,03048","5,061777678",4211000000,1141000000,3070000000,34005000,7848000,,"101,9494141","0,630306689"
2020,YR2020,Greece,GRC,"27072,61865","2,090349559",1500000000,602000000,898000000,7406000,2324000,,"100,6771022","0,631416289"
2021,YR2021,Greece,GRC,"29428,39302",,,,,,,,"101,9092137","0,647913421"
2019,YR2019,Greenland,GRL,,,,,,,,,,
2020,YR2020,Greenland,GRL,,,,,,,,,,
2021,YR2021,Greenland,GRL,,,,,,,,,,
2019,YR2019,Grenada,GRD,"16867,57213","6,600261985",48000000,24000000,24000000,526000,,,"108,0688315","0,616315575"
2020,YR2020,Grenada,GRD,"14480,5067","2,04275742",12000000,7000000,5000000,217000,,,"107,2683304","0,60714144"
2021,YR2021,Grenada,GRD,"15183,40689",,,,,,,,"108,5764805","0,595226299"
2019,YR2019,Guam,GUM,,,,,,1667000,,,,
2020,YR2020,Guam,GUM,,,,,,328000,,,,
2021,YR2021,Guam,GUM,,,,,,,,,,
2019,YR2019,Guatemala,GTM,"8653,308195","5,240039046",1128000000,314000000,814000000,2560000,1703000,,"142,9213949","0,514345615"
2020,YR2020,Guatemala,GTM,"8393,284472","1,795603182",346000000,90000000,256000000,594000,"507799,9878",,"147,5155183","0,519978179"
2021,YR2021,Guatemala,GTM,"8892,483692",,,,,,,,"153,8012301","0,514428603"
2019,YR2019,Guinea,GIN,"2566,322989","9,71042337",419500000,"416600006,1","2900000,095",,,,"262,9498896","0,39354478"
2020,YR2020,Guinea,GIN,"2611,403311","17,02856217",1075099976,1070900024,"4199999,809",,,,"290,8274688","0,391716092"
2021,YR2021,Guinea,GIN,"2620,249519",,,,,,,,"327,4632072","0,407960747"
2019,YR2019,Guinea-Bissau,GNB,"1939,28951","17,70195344","88900001,53","1799999,952","87099998,47","52400,00153",,,"112,7180728","0,370808094"
2020,YR2020,Guinea-Bissau,GNB,"1847,465824",,,,,,,,,"0,373347002"
2021,YR2021,Guinea-Bissau,GNB,"1872,482562",,,,,,,,,"0,395198275"
2019,YR2019,Guyana,GUY,"13082,18148",,,,47000000,315000,,,"116,1914755","0,484770515"
2020,YR2020,Guyana,GUY,"18679,95543",,,,47000000,"86400,00153",,,"117,3456485","0,353040057"
2021,YR2021,Guyana,GUY,"22295,48997",,,,,,,,"123,2514857","0,382743284"
2019,YR2019,Haiti,HTI,"3073,32914","10,73351358",554000000,337000000,217000000,938000,,,"212,8253122","0,409851754"
2020,YR2020,Haiti,HTI,"2934,245881",,,,,,,,"261,341633","0,411112114"
2021,YR2021,Haiti,HTI,"2846,741099",,,,,,,,"305,3555469","0,580247174"
2019,YR2019,Honduras,HND,"5736,181633","5,541001722",655000000,156000000,499000000,2315000,,,"150,3443578","0,430618669"
2020,YR2020,Honduras,HND,"5138,385398","2,316642635",230000000,67000000,163000000,669000,,,"155,5589192","0,44387917"
2021,YR2021,Honduras,HND,"5691,423197",,,,,,,,"162,5293272","0,452779163"
2019,YR2019,"Hong Kong, (China)",HKG,"59588,50493",,,,26879000000,55913000,94715000,,"134,6474431","0,778637774"
2020,YR2020,"Hong Kong, (China)",HKG,"55917,64746",,,,5520000000,3569000,8261000,,"134,9853571","0,781637288"
2021,YR2021,"Hong Kong, (China)",HKG,"60051,75485",,,,,,,,"137,1029511","0,752746831"
2019,YR2019,Hungary,HUN,"32553,69447","2,580454769",3352000000,611000000,2741000000,61397000,24860000,"1,3","121,6420474","0,499349212"
2020,YR2020,Hungary,HUN,"31167,71088","1,103569548",1334000000,175000000,1159000000,31641000,12727000,,"125,6887667","0,483134138"
2021,YR2021,Hungary,HUN,"33517,97411",,,,,,,,"132,1126761","0,51078608"
2019,YR2019,Iceland,ISL,"56935,77273",,,,1509000000,2202000,611000,,"129,0033312","1,182730275"
2020,YR2020,Iceland,ISL,"52375,68113",,,,519000000,488000,130000,,"132,6772481","1,105328209"
2021,YR2021,Iceland,ISL,"53462,65222",,,,,,,,"138,573743","1,186262344"
2019,YR2019,India,IND,"6689,365354","4,615932526",28595000000,5680000000,22915000000,17914000,26915000,,"171,621576","0,297237213"
2020,YR2020,India,IND,"6186,614395","3,199989954",15777000000,3203000000,12574000000,,,,"182,9888226","0,296241266"
2021,YR2021,India,IND,"6675,349453",,,,,,,,"192,3787247","0,310551933"
2019,YR2019,Indonesia,IDN,"11812,10243","7,074866239",14449000000,3141000000,11308000000,16107000,11689000,,"151,1766751","0,335907604"
2020,YR2020,Indonesia,IDN,"11445,61403","1,238490815",1980000000,327000000,1653000000,4053000,2918000,,"154,0807306","0,320611047"
2021,YR2021,Indonesia,IDN,"11746,21669",,,,,,,,"156,4845902","0,332586881"
2019,YR2019,"Iran, Islamic Republic of",IRN,"14903,51943",,,,,9107000,,,"550,9294253","0,22623779"
2020,YR2020,"Iran, Islamic Republic of",IRN,"14971,25",,,,,1550000,1550000,,"719,4815397","0,174575526"
2021,YR2021,"Iran, Islamic Republic of",IRN,,,,,,,,,,
2019,YR2019,Iraq,IRQ,"10889,8025","15,11430844",10925000000,,10925000000,,,,"119,6186996","0,523680312"
2020,YR2020,Iraq,IRQ,"9437,495166","7,623809237",4172000000,,4172000000,,,,"120,3055055","0,460477045"
2021,YR2021,Iraq,IRQ,"9474,778025",,,,,,,,"127,5742016","0,485004807"
2019,YR2019,Ireland,IRL,"86650,00466","1,800526697",8156000000,,8156000000,10951000,9350000,,"106,5843263","0,925691233"
2020,YR2020,Ireland,IRL,"90789,22102","0,504970078",2334000000,,2334000000,,2326000,"0,5","106,2277116","0,915077266"
2021,YR2021,Ireland,IRL,"102154,4345",,,,,,,,"108,7327129","0,931392619"
2019,YR2019,Isle of Man,IMN,,,,,,,,,,
2020,YR2020,Isle of Man,IMN,,,,,,,,,,
2021,YR2021,Isle of Man,IMN,,,,,,,,,,
2019,YR2019,Israel,ISR,"40626,21527","9,564123077",10389000000,2236000000,8153000000,4905000,9179000,,"108,1764389","1,098670488"
2020,YR2020,Israel,ISR,"39056,41853","2,283963322",2175000000,371000000,1804000000,,,,"107,539896","1,118723116"
2021,YR2021,Israel,ISR,"41582,47338",,,,,,,,"109,1447015","1,176307651"
2019,YR2019,Italy,ITA,"42746,29575","6,66460256",37908000000,7601000000,30307000000,95399000,62207000,"3,6","110,6235956","0,758819004"
2020,YR2020,Italy,ITA,"39071,02333","2,659936334",12965000000,2107000000,10858000000,38419000,21448000,,"110,4712586","0,758195488"
2021,YR2021,Italy,ITA,"41937,21115",,,,,,,,"112,5412505","0,773930853"
2019,YR2019,Jamaica,JAM,"9777,005686","6,108179154",508000000,224000000,284000000,4233000,,,"162,4915369","0,526956621"
2020,YR2020,Jamaica,JAM,"8761,019375","4,965175437",291000000,160000000,131000000,"1329699,951",,,"170,9846085","0,504774392"
2021,YR2021,Jamaica,JAM,"9126,115344",,,,,,,,"181,009064","0,457479958"
2019,YR2019,Japan,JPN,"41697,41194","3,191467487",29146000000,7869000000,21277000000,31881000,20081000,,"105,4842679","0,956848653"
2020,YR2020,Japan,JPN,"39935,46472","0,840640298",6741000000,1293000000,5448000000,"4115799,805",3174000,,"105,4579012","0,948169198"
2021,YR2021,Japan,JPN,"40769,82816",,,,,,,,"105,2118123","0,914876394"
2019,YR2019,Jordan,JOR,"10071,37989","7,143671554",1569000000,108000000,1461000000,5361000,1537000,"1,1","125,6040026","0,419712569"
2020,YR2020,Jordan,JOR,"9816,554516","2,214856697",408000000,27000000,381000000,1240000,406000,,"126,0226337","0,413627388"
2021,YR2021,Jordan,JOR,"9969,106441",,,,,,,,"127,7190165","0,402285898"
2019,YR2019,Kazakhstan,KAZ,"26351,80444","5,74310702",2955000000,192000000,2763000000,8515000,10707000,"4,1","188,5164343","0,35728976"
2020,YR2020,Kazakhstan,KAZ,"25361,50799","1,905657179",861000000,35000000,826000000,2035000,2865000,,"201,2394119","0,340990093"
2021,YR2021,Kazakhstan,KAZ,"26033,23843",,,,,,,,,"0,351101217"
2019,YR2019,Kenya,KEN,"4459,210605",,,,196000000,2049000,,,"189,966315","0,410831976"
2020,YR2020,Kenya,KEN,"4349,010163",,,,,,,,"200,2336423","0,408120337"
2021,YR2021,Kenya,KEN,"4572,668925",,,,,,,,"212,4697383","0,399487954"
2019,YR2019,Kiribati,KIR,"2102,782035",,,,"14300000,19",12000,,,"100,5346018","0,690363992"
2020,YR2020,Kiribati,KIR,"2059,100089",,,,"3200000,048",,,,,"0,697367933"
2021,YR2021,Kiribati,KIR,,,,,,,,,,
2019,YR2019,"Korea, Dem. People's Rep.",PRK,,,,,,,,,,
2020,YR2020,"Korea, Dem. People's Rep.",PRK,,,,,,,,,,
2021,YR2021,"Korea, Dem. People's Rep.",PRK,,,,,,,,,,
2019,YR2019,"Korea, Rep.",KOR,"42758,59037","5,816736347",35339000000,2600000000,32739000000,17503000,28714000,,"115,1586343","0,741944482"
2020,YR2020,"Korea, Rep.",KOR,"42335,86534","3,084548765",16705000000,548000000,16157000000,2519000,4276000,,"115,7773678","0,698660356"
2021,YR2021,"Korea, Rep.",KOR,"44116,01344",,,,,,,,"118,6698724","0,740810954"
2019,YR2019,Kosovo,XKX,"11318,46225",,,,,,,"10,5","118,0656464","0,374368512"
2020,YR2020,Kosovo,XKX,"10706,51398",,,,,,,,"118,2996855","0,381728824"
2021,YR2021,Kosovo,XKX,"11579,32035",,,,,,,,"122,2670919","0,391996613"
2019,YR2019,Kuwait,KWT,"49946,73126","26,55157544",15839000000,,15839000000,8565000,,,"126,6015121","0,621908171"
2020,YR2020,Kuwait,KWT,"44847,05398","15,21291968",6696000000,,6696000000,2161000,,,"129,2623335","0,524527019"
2021,YR2021,Kuwait,KWT,,,,,,,,,"133,6877969",
2019,YR2019,Kyrgyz Republic,KGZ,"5258,366696","9,15313733",519000000,128000000,391000000,8508000,5314000,"5,9","155,6761524","0,250722339"
2020,YR2020,Kyrgyz Republic,KGZ,"4726,196559","4,566943033",185000000,96000000,89000000,,,,"165,5233275","0,237214582"
2021,YR2021,Kyrgyz Republic,KGZ,"4813,230183",,,,,,,,"185,2289456","0,241356499"
2019,YR2019,Lao PDR,LAO,"7886,652814","13,6868446",1029000000,18000000,1011000000,4791000,2690000,,"135,8665747","0,318017227"
2020,YR2020,Lao PDR,LAO,"7810,73497","4,47052255",260000000,9000000,251000000,"886400,0244",707000,,"142,8013033","0,316681987"
2021,YR2021,Lao PDR,LAO,"7895,569888",,,,,,,,"148,1643781","0,294133753"
2019,YR2019,Latvia,LVA,"31012,1351",,,,748000000,8342000,2384000,"0,9","116,8569846","0,562265028"
2020,YR2020,Latvia,LVA,"30053,26324",,,,301000000,3204000,690000,,"117,1129773","0,563373382"
2021,YR2021,Latvia,LVA,"31688,52661",,,,,,,,"120,9493986","0,598868729"
2019,YR2019,Lebanon,LBN,"14493,37237","20,85294101",6495000000,157000000,6338000000,1936000,,"9,1","130,0246118","0,498339196"
2020,YR2020,Lebanon,LBN,"10786,08742","11,17676203",1699000000,28000000,1671000000,,,,"240,3691313","0,334170835"
2021,YR2021,Lebanon,LBN,"9731,716602",,,,,,,,"612,355015","0,249779083"
2019,YR2019,Lesotho,LSO,"2656,115855","14,41219047",323000000,4000000,319000000,1142000,,,"155,8581951","0,416653903"
2020,YR2020,Lesotho,LSO,"2435,932437","13,90348367",277000000,1000000,276000000,,,,"163,6169668","0,408911455"
2021,YR2021,Lesotho,LSO,"2441,514388",,,,,,,,"173,5121053","0,434884131"
2019,YR2019,Liberia,LBR,"1469,763959",,,,"5699999,809",,,,,"0,438923362"
2020,YR2020,Liberia,LBR,"1392,010924",,,,,,,,,"0,409375076"
2021,YR2021,Liberia,LBR,"1413,448263",,,,,,,,,"0,433465959"
2019,YR2019,Libya,LBY,"21842,61925",,,,,,,,,"0,448859096"
2020,YR2020,Libya,LBY,"16388,82432",,,,,,,,,"0,440481505"
2021,YR2021,Libya,LBY,"21260,43238",,,,,,,,,"0,257676371"
2019,YR2019,Liechtenstein,LIE,,,,,,"98099,99847",,,,
2020,YR2020,Liechtenstein,LIE,,,,,,"58400,00153",,,,
2021,YR2021,Liechtenstein,LIE,,,,,,,,,,
2019,YR2019,Lithuania,LTU,"37166,21008",,,,1388000000,6150000,4881000,"0,9","118,3820983","0,507923497"
2020,YR2020,Lithuania,LTU,"37107,05664",,,,438000000,2284000,1643000,,"119,8025585","0,520370841"
2021,YR2021,Lithuania,LTU,"38957,63114",,,,,,,,"125,4135643","0,549237397"
2019,YR2019,Luxembourg,LUX,"116518,2768","2,782036832",3288000000,45000000,3243000000,1041000,2548000,,"115,0878151","0,964861646"
2020,YR2020,Luxembourg,LUX,"112557,3095","2,037034963",2458000000,38000000,2420000000,525000,1460000,"1,8","116,031486","0,987356578"
2021,YR2021,Luxembourg,LUX,"118680,0437",,,,,,,,"118,963509","1,006894029"
2019,YR2019,"Macao SAR, China",MAC,"127272,5485","11,56097724",2034000000,112000000,1922000000,39406000,1765000,,"144,0451479","0,649839747"
2020,YR2020,"Macao SAR, China",MAC,"57728,9864","5,822268909",886000000,41000000,845000000,5897000,125000,,"145,2139454","0,64711415"
2021,YR2021,"Macao SAR, China",MAC,"67178,74475",,,,,,,,,"0,615450566"
2019,YR2019,Madagascar,MDG,"1618,532561","6,791183785",319000000,142000000,177000000,486000,,,"184,3145251","0,311958412"
2020,YR2020,Madagascar,MDG,"1463,787723","2,584640075",97000000,18000000,79000000,"87099,99847",,,"192,0590402","0,3093443"
2021,YR2021,Madagascar,MDG,"1488,645037",,,,,,,,,"0,314846637"
2019,YR2019,Malawi,MWI,"1537,141177","6,004428876",195000000,56000000,139000000,,,,"418,3443255","0,369439029"
2020,YR2020,Malawi,MWI,"1508,842902","3,902230616",119000000,36000000,83000000,,,,"454,4286768","0,399809028"
2021,YR2021,Malawi,MWI,"1509,504777",,,,,,,,,"0,387531555"
2019,YR2019,Malaysia,MYS,"28421,46248","6,494351742",13694000000,1309000000,12385000000,26101000,,,"121,4630895","0,385970571"
2020,YR2020,Malaysia,MYS,"26471,67382","2,804304987",5206000000,386000000,4820000000,4333000,,,"120,0799867","0,372916243"
2021,YR2021,Malaysia,MYS,"26959,24926",,,,,,,,"123,0544909","0,383934399"
2019,YR2019,Maldives,MDV,"19510,49184","10,53669597",431000000,82000000,349000000,1703000,,,"136,5631749","0,519408523"
2020,YR2020,Maldives,MDV,"12744,42979","4,32894315",106000000,14000000,92000000,555000,,,"134,6925677","0,515094989"
2021,YR2021,Maldives,MDV,"16595,96533",,,,,,,,"135,42415","0,493337024"
2019,YR2019,Mali,MLI,"2321,702199",,,,,217000,,,"108,7260798","0,363287712"
2020,YR2020,Mali,MLI,"2225,894238",,,,,,,,"109,2023967","0,3673457"
2021,YR2021,Mali,MLI,"2227,685595",,,,,,,,"113,4892491","0,375068016"
2019,YR2019,Malta,MLT,"45396,73229",,,,530000000,3519000,774000,"1,6","113,4524741","0,657815728"
2020,YR2020,Malta,MLT,"40696,73837",,,,127000000,718000,218000,,"114,1769192","0,669388042"
2021,YR2021,Malta,MLT,"44395,33046",,,,,,,,"115,8871663","0,697009407"
2019,YR2019,Marshall Islands,MHL,"4048,088715",,,,,"6099,999905",,,,"0,965435174"
2020,YR2020,Marshall Islands,MHL,"3931,771419",,,,,,,,,"0,995841369"
2021,YR2021,Marshall Islands,MHL,"3806,213557",,,,,,,,,"0,997487662"
2019,YR2019,Mauritania,MRT,"5343,997921","1,520524849",56000000,25000000,31000000,,,,"135,0188968","0,313006385"
2020,YR2020,Mauritania,MRT,"5109,804948","0,952461312",35000000,17000000,18000000,,,,"138,2400357","0,315881007"
2021,YR2021,Mauritania,MRT,"5089,987374",,,,,,,,,"0,308130327"
2019,YR2019,Mauritius,MUS,"22869,75631","8,90751176",656000000,78000000,578000000,1418000,320000,,"129,9140349","0,465583607"
2020,YR2020,Mauritius,MUS,"19462,93435","4,287190234",224000000,19000000,205000000,316000,65000,,"133,2668574","0,420518428"
2021,YR2021,Mauritius,MUS,"20244,1616",,,,,,,,"138,6355512","0,396225485"
2019,YR2019,Mexico,MEX,"19675,44067","2,482011807",12300000000,2419000000,9881000000,97406000,82752000,,"141,542523","0,500953352"
2020,YR2020,Mexico,MEX,"17878,27729","1,041716347",4286000000,811000000,3475000000,51128000,36056000,,"146,3504877","0,451596092"
2021,YR2021,Mexico,MEX,"18544,71206",,,,,,,,"154,6766721","0,495418105"
2019,YR2019,"Micronesia, Fed. Sts.",FSM,"3465,119981",,,,,18000,,,"116,0560184","1,003567943"
2020,YR2020,"Micronesia, Fed. Sts.",FSM,"3368,137937",,,,,,,,"116,6953689","0,997290362"
2021,YR2021,"Micronesia, Fed. Sts.",FSM,"3226,143032",,,,,,,,,"0,980934124"
2019,YR2019,Moldova,MDA,"13026,51597","7,233044697",479000000,93000000,386000000,174000,311000,"2,3","166,1962796","0,330878625"
2020,YR2020,Moldova,MDA,"12269,92307","5,106177393",303000000,27000000,276000000,29000,75000,,"172,4551837","0,349698435"
2021,YR2021,Moldova,MDA,"14233,85342",,,,,,,,"181,2614547","0,33986377"
2019,YR2019,Monaco,MCO,,,,,,363000,,,,
2020,YR2020,Monaco,MCO,,,,,,159000,,,,
2021,YR2021,Monaco,MCO,,,,,,,,,,
2019,YR2019,Mongolia,MNG,"12486,07746","11,20099104",1036000000,111000000,925000000,637000,,"1,1","195,7629029","0,33849457"
2020,YR2020,Mongolia,MNG,"11723,8735","7,806263416",573000000,23000000,550000000,"66900,00153",,,"202,9927582","0,328398085"
2021,YR2021,Mongolia,MNG,"11708,36094",,,,,,,,"217,4023295","0,352562218"
2019,YR2019,Montenegro,MNE,"21533,93209","1,999894569",72000000,14000000,58000000,2510000,,"0,9","116,7406969","0,386167871"
2020,YR2020,Montenegro,MNE,"18258,9495","1,302931119",38000000,8000000,30000000,351000,,,"116,4422427","0,384930819"
2021,YR2021,Montenegro,MNE,"20566,83806",,,,,,,,"119,2494346","0,410916847"
2019,YR2019,Morocco,MAR,"7546,754883","5,734106076",3102000000,926000000,2176000000,13109000,2009000,"11,1","111,0675582","0,411302317"
2020,YR2020,Morocco,MAR,"6986,283691","3,255082922",1509000000,396000000,1113000000,2802000,646000,,"111,8516604","0,415081652"
2021,YR2021,Morocco,MAR,"7412,672852",,,,,,,,"113,4197746","0,429391222"
2019,YR2019,Mozambique,MOZ,"1281,780014","1,034369899",99000000,4000000,95000000,2033000,,,"182,3147834","0,379389071"
2020,YR2020,Mozambique,MOZ,"1229,940296","1,135837977",95000000,5000000,90000000,,,,"188,0425511","0,345983455"
2021,YR2021,Mozambique,MOZ,"1221,824336",,,,,,,,,"0,372829093"
2019,YR2019,Myanmar,MMR,"4739,710438","1,232993255",214000000,28000000,186000000,4364000,,,"168,1827007","0,257323155"
2020,YR2020,Myanmar,MMR,"4857,389834",,,,,903000,,,,"0,283144102"
2021,YR2021,Myanmar,MMR,"3954,999906",,,,,,,,,"0,273246033"
2019,YR2019,Namibia,NAM,"9809,218482","2,035454316",118000000,11000000,107000000,1651000,,,"157,968368","0,491850808"
2020,YR2020,Namibia,NAM,"8872,622653","1,668950496",77000000,5000000,72000000,"187100,0061",,,"161,4584932","0,444195437"
2021,YR2021,Namibia,NAM,"8925,201528",,,,,,,,"167,298294","0,482323632"
2019,YR2019,Nauru,NRU,"13525,77285",,,,,,,,,"0,782438172"
2020,YR2020,Nauru,NRU,"13592,84507",,,,,,,,,"0,737955802"
2021,YR2021,Nauru,NRU,"13747,25069",,,,,,,,,"0,81126543"
2019,YR2019,Nepal,NPL,"3952,760349","5,15310843",713000000,11000000,702000000,1197000,,,"188,7299772","0,290067383"
2020,YR2020,Nepal,NPL,"3789,150372","2,496626337",267000000,4000000,263000000,230000,,,"198,2653074","0,287107335"
2021,YR2021,Nepal,NPL,"3878,44442",,,,,,,,"206,3702156","0,287004178"
2019,YR2019,Netherlands,NLD,"56784,03725","3,406055672",22547400391,2067699951,20479699219,20129000,22045000,,"115,9079949","0,889363166"
2020,YR2020,Netherlands,NLD,"54324,38441","1,206510163",7435700195,"406600006,1",7029100098,7265000,,"0,7","117,3828783","0,884068926"
2021,YR2021,Netherlands,NLD,"56761,01473",,,,,,,,"120,5237155","0,910519618"
2019,YR2019,New Caledonia,NCL,,,,,,130000,144000,,,
2020,YR2020,New Caledonia,NCL,,,,,,31000,48000,,,
2021,YR2021,New Caledonia,NCL,,,,,,,,,,
2019,YR2019,New Zealand,NZL,"43110,37124",,,,4408000000,3888000,3225000,,"114,2409118","0,940959565"
2020,YR2020,New Zealand,NZL,"41642,02809",,,,1466000000,996000,511000,,"116,1996427","0,931450496"
2021,YR2021,New Zealand,NZL,"43301,43159",,,,,,,,"120,7792107","1,051318433"
2019,YR2019,Nicaragua,NIC,"5445,729533","4,990802207",312000000,131000000,181000000,1455000,949000,,"162,7396072","0,339080259"
2020,YR2020,Nicaragua,NIC,"5284,46199","1,71769223",102000000,39000000,63000000,474000,325000,,"168,7313759","0,340884166"
2021,YR2021,Nicaragua,NIC,"5763,427315",,,,,,,,"177,0471566","0,33020556"
2019,YR2019,Niger,NER,"1224,375135","4,256236823",144500000,42000000,102500000,192000,,,"109,3236868","0,434230364"
2020,YR2020,Niger,NER,"1221,26993",,,,,85000,,,"112,4920991","0,44068497"
2021,YR2021,Niger,NER,"1192,263286",,,,,,,,"116,8093974","0,454205622"
2019,YR2019,Nigeria,NGA,"5135,499469","16,27253265",16406000000,2897000000,13509000000,,,,"267,5115151","0,416621487"
2020,YR2020,Nigeria,NGA,"4916,721381","9,162015789",6613000000,1065000000,5548000000,,,,"302,9461531","0,404376608"
2021,YR2021,Nigeria,NGA,"4969,218447",,,,,,,,"354,3041471","0,381932623"
2019,YR2019,North Macedonia,MKD,"16773,04057","3,144052756",302000000,20000000,282000000,758000,,2,"113,3958333","0,34596169"
2020,YR2020,North Macedonia,MKD,"15779,69148","1,74456239",153000000,6000000,147000000,118000,,,"114,7566667","0,349675494"
2021,YR2021,North Macedonia,MKD,"16464,33609",,,,,,,,"118,4641667","0,375090266"
2019,YR2019,Northern Mariana Islands,MNP,,,,,,487000,,,,
2020,YR2020,Northern Mariana Islands,MNP,,,,,,,,,,
2021,YR2021,Northern Mariana Islands,MNP,,,,,,,,,,
2019,YR2019,Norway,NOR,"64385,00599","12,61172188",17683000000,1172000000,16511000000,5879000,8890000,,"120,2696589","1,133543409"
2020,YR2020,Norway,NOR,"63548,00082","3,53584073",4230000000,370000000,3860000000,1397000,1690000,,"121,8170301","1,074783999"
2021,YR2021,Norway,NOR,"65688,55101",,,,,,,,"126,06099","1,12627986"
2019,YR2019,Oman,OMN,"31284,01636","10,45794084",3406000000,771000000,2635000000,3506000,6633000,,"113,5292858","0,542893999"
2020,YR2020,Oman,OMN,"29502,05967","4,540037396",1236000000,200000000,1036000000,869000,1657000,,"112,5031231","0,465502246"
2021,YR2021,Oman,OMN,,,,,,,,,"114,2431381",
2019,YR2019,Pakistan,PAK,"5317,774364","5,171098328",2998000000,1346000000,1652000000,,,,"182,3209327","0,267368824"
2020,YR2020,Pakistan,PAK,"5144,289671","2,389729622",1245000000,397000000,848000000,,,,"200,078979","0,250554656"
2021,YR2021,Pakistan,PAK,"5350,144973",,,,,,,,"219,0789001","0,261658716"
2019,YR2019,Palau,PLW,"17227,06271",,,,,94000,,,"121,1485904","0,848411609"
2020,YR2020,Palau,PLW,"15471,37954",,,,,"18399,99962",,,"121,4129146","0,872856482"
2021,YR2021,Palau,PLW,,,,,,,,,"124,6435436",
2019,YR2019,Panama,PAN,"31440,26353","5,880614506",1623000000,211000000,1412000000,2494000,1226000,,"122,0687134","0,481404002"
2020,YR2020,Panama,PAN,"25389,81227","3,45130916",601000000,136000000,465000000,647000,401000,,"120,1763121","0,467128263"
2021,YR2021,Panama,PAN,"28837,00151",,,,,,,,"122,1360313","0,458218839"
2019,YR2019,Papua New Guinea,PNG,"4292,609429",,,,,211000,,,"155,9126494","0,630408319"
2020,YR2020,Papua New Guinea,PNG,"4063,239709",,,,,39000,,,"163,5082053","0,643294887"
2021,YR2021,Papua New Guinea,PNG,"4046,409023",,,,,,,,"170,8392431","0,656044554"
2019,YR2019,Paraguay,PRY,"12615,52865","4,198889528",552000000,213000000,339000000,4368000,1192000,,"143,821041","0,409460757"
2020,YR2020,Paraguay,PRY,"12357,92723","2,160588093",226000000,130000000,96000000,1077000,214000,,"146,3631008","0,381112025"
2021,YR2021,Paraguay,PRY,"12721,57444",,,,,,,,"153,3709413","0,386387994"
2019,YR2019,Peru,PER,"12858,3263","7,005694134",3627399902,"852799987,8",2774600098,5275000,3275000,,"130,2904379","0,524070892"
2020,YR2020,Peru,PER,"11289,76968","2,228400687",938000000,205000000,733000000,1119000,791000,,"132,8993893","0,513727107"
2021,YR2021,Peru,PER,"12648,22402",,,,,,,,"138,5764045","0,481620406"
2019,YR2019,Philippines,PHL,"8914,723798","9,866186728",12926000000,888000000,12038000000,8261000,,,"129,621996","0,375132233"
2020,YR2020,Philippines,PHL,"7958,39592","4,874797199",4872000000,304000000,4568000000,1483000,1483000,,"132,7240609","0,393271781"
2021,YR2021,Philippines,PHL,"8301,233175",,,,,,,,"137,9363739","0,389138997"
2019,YR2019,Poland,POL,"33185,15813","3,358730683",10161000000,941000000,9220000000,88515000,50600000,"3,4","114,1117794","0,465480544"
2020,YR2020,Poland,POL,"32398,70475","1,87463881",5547000000,345000000,5202000000,,,,"117,9624468","0,459137882"
2021,YR2021,Poland,POL,"34363,01907",,,,,,,,"123,9254804","0,47572542"
2019,YR2019,Portugal,PRT,"34945,66134","6,623668037",6823000000,1094000000,5729000000,17283000,3100000,"3,6","110,6243586","0,644995314"
2020,YR2020,Portugal,PRT,"31961,77526","3,950621025",3536000000,396000000,3140000000,4208000,680000,,"110,6105988","0,649399024"
2021,YR2021,Portugal,PRT,"33514,27408",,,,,,,,"112,0105498","0,67604963"
2019,YR2019,Puerto Rico,PRI,"34804,94346",,,,,4931000,,,,"0,905625646"
2020,YR2020,Puerto Rico,PRI,"32551,06841",,,,,3882000,,,,"0,915421958"
2021,YR2021,Puerto Rico,PRI,,,,,,,,,,
2019,YR2019,Qatar,QAT,"90043,799","18,76297924",12528000000,3042000000,9486000000,2136500,,,"115,3808498","0,661607924"
2020,YR2020,Qatar,QAT,"85290,45043","19,47699249",11504000000,4762000000,6742000000,582000,,,"112,4498127","0,557176383"
2021,YR2021,Qatar,QAT,"85128,22358",,,,,,,,"115,0411801","0,655208015"
2019,YR2019,Romania,ROU,"29875,06277","6,450556972",7172000000,1176000000,5996000000,12815000,23066000,"2,3","123,7803833","0,404783619"
2020,YR2020,Romania,ROU,"28925,78919","3,341700148",3472000000,450000000,3022000000,5023000,9510000,,"127,0371357","0,402350236"
2021,YR2021,Romania,ROU,"30854,64295",,,,,,,,"133,4554695","0,419662086"
2019,YR2019,Russia (Russian Fed.),RUS,"27254,57422","11,52449575",40611000000,4459000000,36152000000,24419000,45330000,"1,7","180,7502637","0,38367537"
2020,YR2020,Russia (Russian Fed.),RUS,"26578,46094","3,55100209",10800000000,1660000000,9140000000,6359000,12361000,,"186,8626219","0,339683697"
2021,YR2021,Russia (Russian Fed.),RUS,"27969,67773",,,,,,,,"199,3720633","0,371083548"
2019,YR2019,Rwanda,RWA,"2227,515571","10,24307815","382799987,8","46799999,24",336000000,1634000,,"6,8","151,0666524","0,353292146"
2020,YR2020,Rwanda,RWA,"2098,635559","3,549901238",127000000,23000000,104000000,,,,"165,9473204","0,355219086"
2021,YR2021,Rwanda,RWA,"2270,218365",,,,,,,,"165,297891","0,334327573"
2019,YR2019,Samoa,WSM,"6627,838501","1,138585743","5199999,809","1799999,952","3400000,095",181000,69000,,"117,5555221","0,625816655"
2020,YR2020,Samoa,WSM,"6413,330111","0,477719014","1799999,952",500000,"1299999,952","23899,99962",18500,,"115,7111789","0,60138115"
2021,YR2021,Samoa,WSM,"5844,15038",,,,,,,,"119,336647","0,613535237"
2019,YR2019,San Marino,SMR,"60633,06165",,,,,1904000,,,,"0,75527113"
2020,YR2020,San Marino,SMR,"56478,81077",,,,,,,,,"0,764047353"
2021,YR2021,San Marino,SMR,,,,,,,,,,
2019,YR2019,Sao Tome and Principe,STP,"4005,341623",,,,"18200000,76",,,,,"0,476137084"
2020,YR2020,Sao Tome and Principe,STP,"4051,604844",,,,9500000,,,,,"0,504935947"
2021,YR2021,Sao Tome and Principe,STP,"4046,923126",,,,,,,,,"0,550915935"
2019,YR2019,"Arabia, Saudi",SAU,"46999,93814","7,497458886",16415000000,1275000000,15140000000,20292000,27196000,,"118,3998255","0,478743607"
2020,YR2020,"Arabia, Saudi",SAU,"44349,47283","4,977942377",9069000000,536000000,8533000000,,,,"122,479242","0,431902604"
2021,YR2021,"Arabia, Saudi",SAU,"45104,27777",,,,,,,,"126,2311363","0,475988908"
2019,YR2019,Senegal,SEN,"3368,262274",,,,,,,,"109,2512702","0,409019724"
2020,YR2020,Senegal,SEN,"3321,681151",,,,,,,,"112,0343749","0,41751634"
2021,YR2021,Senegal,SEN,"3430,442618",,,,,,,,,"0,426270614"
2019,YR2019,Serbia,SRB,"18306,78524","6,392559523",2000000000,194000000,1806000000,1847000,,"1,3","143,9975736","0,394063409"
2020,YR2020,Serbia,SRB,"18255,0542","3,906959334",1179000000,64000000,1115000000,446000,,,"146,2663027","0,404876393"
2021,YR2021,Serbia,SRB,"19761,64742",,,,,,,,"152,2414316","0,429956006"
2019,YR2019,Seychelles,SYC,"29365,99966","6,079733473",109000000,42000000,67000000,428000,76000,,"130,3011398","0,563692429"
2020,YR2020,Seychelles,SYC,"26867,55911","2,922414568",39000000,13000000,26000000,124500,19000,,"141,0859803","0,430286768"
2021,YR2021,Seychelles,SYC,"27159,65534",,,,,,,,,"0,445973778"
2019,YR2019,Sierra Leone,SLE,"1705,191452","4,565404326",83000000,6000000,77000000,71000,122000,,"234,1587095","0,293589389"
2020,YR2020,Sierra Leone,SLE,"1637,296623",,,,,,,,"265,645978","0,294954931"
2021,YR2021,Sierra Leone,SLE,"1653,17542",,,,,,,,"297,1853299","0,284076939"
2019,YR2019,Singapore,SGP,"98283,30891",,,,27324000000,19116000,10711000,,"114,4057859","0,642686165"
2020,YR2020,Singapore,SGP,"94505,63616",,,,6828000000,2742000,1543000,,"114,1976627","0,609236175"
2021,YR2021,Singapore,SGP,"106032,2248",,,,,,,,"116,8297585","0,624913786"
2019,YR2019,Sint Maarten (Dutch part),SXM,,"6,252876615",77000000,10000000,67000000,1952000,,,,
2020,YR2020,Sint Maarten (Dutch part),SXM,,"2,770999517",21000000,2000000,19000000,,,,,
2021,YR2021,Sint Maarten (Dutch part),SXM,,,,,,,,,,
2019,YR2019,Slovak Republic,SVK,"31927,59383","2,905266102",2811000000,224000000,2587000000,,5214000,"1,9","115,3389877","0,60386694"
2020,YR2020,Slovak Republic,SVK,"30509,76932","1,466210729",1291000000,67000000,1224000000,,,,"117,5730362","0,614435259"
2021,YR2021,Slovak Republic,SVK,"31498,12636",,,,,,,,"121,276124","0,638826427"
2019,YR2019,Slovenia,SVN,"38946,68538","4,341413318",1771699951,93500000,1678199951,4702000,6049000,"2,1","111,0510749","0,637875456"
2020,YR2020,Slovenia,SVN,"37050,54764","2,324859068","855799987,8","37900001,53","817900024,4",1216000,1892000,,"110,9901558","0,641644655"
2021,YR2021,Slovenia,SVN,"39969,8118",,,,,,,,"113,1179093","0,669364782"
2019,YR2019,Solomon Islands,SLB,"2660,514892","8,301138637",62500000,"100000,0015","62400001,53","28899,99962",,,"133,0620332","0,845372285"
2020,YR2020,Solomon Islands,SLB,"2482,374946","5,556751674","30909999,85","9999,999776","30899999,62","4400,000095",,,"137,005393","0,85955803"
2021,YR2021,Solomon Islands,SLB,"2417,72498",,,,,,,,"136,8472368","0,879849254"
2019,YR2019,Somalia,SOM,"1186,450871",,,,,,,,,"0,339172247"
2020,YR2020,Somalia,SOM,"1180,965971",,,,,,,,,"0,351830675"
2021,YR2021,Somalia,SOM,"1185,562018",,,,,,,,,"0,342261242"
2019,YR2019,South Africa,ZAF,"13709,96637","5,642640498",5866000000,2725000000,3141000000,14797000,,,"158,9356399","0,463640004"
2020,YR2020,South Africa,ZAF,"12665,8324","2,017381133",1594000000,666000000,928000000,"3886600,098",,11,"164,0375312","0,423359728"
2021,YR2021,South Africa,ZAF,"13126,01474",,,,,,,,"171,6024043","0,485029619"
2019,YR2019,South Sudan,SSD,,,,449000000,,,,,"15749,18876",
2020,YR2020,South Sudan,SSD,,"11,04751137",469000000,468000000,1000000,,,,"20422,89337",
2021,YR2021,South Sudan,SSD,,,,,,,,,"22570,71103",
2019,YR2019,Spain,ESP,"40802,48774",,,,27858000000,126170000,22816000,,"110,9614436","0,708823273"
2020,YR2020,Spain,ESP,"36210,87493",,,,8742000000,36410000,6236000,,"110,6033122","0,716605843"
2021,YR2021,Spain,ESP,"38097,84173",,,,,,,,"114,0244221","0,738577562"
2019,YR2019,Sri Lanka (ex-Ceilan),LKA,"13079,53863","9,917763095",2436000000,798000000,1638000000,2027000,1441000,,"155,528883","0,282301786"
2020,YR2020,Sri Lanka (ex-Ceilan),LKA,"12539,97101","4,39486201",803000000,354000000,449000000,540000,305000,,"165,1000451","0,279286032"
2021,YR2021,Sri Lanka (ex-Ceilan),LKA,"12859,3441",,,,,,,,"176,6814512","0,270026061"
2019,YR2019,St. Kitts and Nevis,KNA,"28592,90075","9,960408167",60000000,18000000,42000000,1107000,,,"104,2208305","0,739870476"
2020,YR2020,St. Kitts and Nevis,KNA,"24307,9975","4,16104199",18000000,5000000,13000000,"301399,9939",,,"103,004318","0,719243393"
2021,YR2021,St. Kitts and Nevis,KNA,"23899,88595",,,,,,,,"104,2359292","0,694314716"
2019,YR2019,St. Lucia,LCA,"15200,87208","9,502427258",92000000,31000000,61000000,1220000,,,"110,7193058","0,731648411"
2020,YR2020,St. Lucia,LCA,"12048,92774","4,161905101",28000000,9000000,19000000,432500,,,"108,775287","0,692792781"
2021,YR2021,St. Lucia,LCA,"12790,30384",,,,,,,,"111,3975363","0,681143515"
2019,YR2019,St. Martin (French part),MAF,,,,,,,,,,
2020,YR2020,St. Martin (French part),MAF,,,,,,,,,,
2021,YR2021,St. Martin (French part),MAF,,,,,,,,,,
2019,YR2019,St. Vincent and the Grenadines,VCT,"13462,58277","9,405567061",40000000,15000000,25000000,392000,,,"110,6669977","0,586548357"
2020,YR2020,St. Vincent and the Grenadines,VCT,"12706,69002","3,479459773",13000000,4000000,9000000,,,,"109,9718636","0,586515553"
2021,YR2021,St. Vincent and the Grenadines,VCT,"12763,05578",,,,,,,,"111,7014234","0,570313751"
2019,YR2019,Sudan,SDN,"4173,566406",,,,11000000,,,,"1344,192762","0,173650431"
2020,YR2020,Sudan,SDN,"3927,043945",,,,6000000,,,,"3364,819937","0,148586588"
2021,YR2021,Sudan,SDN,"3838,73999",,,,,,,,"16245,88897","0,181242834"
2019,YR2019,Suriname,SUR,"19036,74504","3,896025989",94000000,7000000,87000000,,,,"294,6822343","0,345445069"
2020,YR2020,Suriname,SUR,"15864,551","3,46872535",64000000,4000000,60000000,,,,"397,5055565","0,293820189"
2021,YR2021,Suriname,SUR,"15179,05889",,,,,,,,"632,4778869","0,290023837"
2019,YR2019,Sweden,SWE,"52850,56918",,,,14349000000,7616000,19061000,,"110,5092198","0,951292857"
2020,YR2020,Sweden,SWE,"50925,18088",,,,6144000000,1957000,6081000,"0,6","111,0588566","0,949792344"
2021,YR2021,Sweden,SWE,"53050,32653",,,,,,,,"113,4612788","1,015424154"
2019,YR2019,Switzerland,CHE,"70944,35481","5,225749824",21097000000,2343000000,18754000000,11818000,19797000,,"99,54689637","1,184643405"
2020,YR2020,Switzerland,CHE,"68755,43703","2,489841186",10372000000,826000000,9546000000,,,,"98,82431041","1,214022599"
2021,YR2021,Switzerland,CHE,"70792,65653",,,,,,,,"99,39928425","1,208645878"
2019,YR2019,Syrian Arab Republic,SYR,,,,,,2424000,,,,
2020,YR2020,Syrian Arab Republic,SYR,,,,,,,,,,
2021,YR2021,Syrian Arab Republic,SYR,,,,,,,,,,
2019,YR2019,Tajikistan,TJK,"3581,409187","0,833129256","28399999,62","23200000,76","5199999,809",,,,,"0,238588031"
2020,YR2020,Tajikistan,TJK,"3654,072934","0,345547982","10800000,19","7300000,191",3500000,,,,,"0,221273703"
2021,YR2021,Tajikistan,TJK,"3903,495763",,,,,,,,,"0,209191322"
2019,YR2019,"Tanzania, United Rep. of",TZA,"2660,637451","6,980239471","738200012,2","87099998,47","651099975,6",1527000,,,"187,4301589","0,39160218"
2020,YR2020,"Tanzania, United Rep. of",TZA,"2635,356689",,,,,,,,"193,5971559","0,3872634"
2021,YR2021,"Tanzania, United Rep. of",TZA,"2669,43335",,,,,,,,,"0,387209139"
2019,YR2019,Thailand,THA,"18438,64738","5,486548854",14969000000,2614000000,12355000000,39916000,10446000,,"113,26565","0,406642468"
2020,YR2020,Thailand,THA,"17253,06778","1,57995677",3681000000,816000000,2865000000,,,,"112,3074938","0,393383302"
2021,YR2021,Thailand,THA,"17485,50852",,,,,,,,"113,68932","0,376552836"
2019,YR2019,Timor-Leste,TLS,"3626,673162","10,58231887",110000000,18000000,92000000,"74800,00305",,,"146,2208452","0,419001174"
2020,YR2020,Timor-Leste,TLS,"3925,948159","7,241051346",61000000,7000000,54000000,,,,,"0,348405311"
2021,YR2021,Timor-Leste,TLS,"4021,121607",,,,,,,,,"0,330005062"
2019,YR2019,Togo,TGO,"2121,899918","2,698230461",61000000,18000000,43000000,876000,269000,,"113,310442","0,403966133"
2020,YR2020,Togo,TGO,"2107,877763",,,,,482000,,,"115,3812361","0,411525127"
2021,YR2021,Togo,TGO,"2166,55401",,,,,,,,,"0,416915739"
2019,YR2019,Tonga,TON,"6377,35552","13,43942562",44000000,5000000,39000000,94000,,,"128,7774491","0,737682292"
2020,YR2020,Tonga,TON,"6346,230511","12,27051664",38000000,5000000,33000000,,,,"128,3270658","0,69091299"
2021,YR2021,Tonga,TON,,,,,,,,,,
2019,YR2019,Trinidad and Tobago,TTO,"26827,29412","1,67076471",133000000,47000000,86000000,480000,,,"143,1715781","0,612425061"
2020,YR2020,Trinidad and Tobago,TTO,"24768,68155","0,634954406",42000000,9000000,33000000,141000,,,"144,0291563","0,585104337"
2021,YR2021,Trinidad and Tobago,TTO,"24456,77655",,,,,,,,,"0,56733178"
2019,YR2019,Tunisia,TUN,"11420,84973","3,794340053",889000000,91000000,798000000,9429000,2781000,,"155,3253735","0,300091276"
2020,YR2020,Tunisia,TUN,"10313,9723","2,086296422",407000000,38000000,369000000,2012000,739000,,"164,0766398","0,330662468"
2021,YR2021,Tunisia,TUN,"10554,13555",,,,,,,,"173,4394275","0,338459549"
2019,YR2019,Turkiye,TUR,"28197,24883","2,351979898",5354000000,1244000000,4110000000,51747000,9651000,"2,5","234,4371263","0,339500335"
2020,YR2020,Turkiye,TUR,"28393,4659","0,712172103",1639000000,599000000,1040000000,15971000,2243000,,"263,2235613","0,313431241"
2021,YR2021,Turkiye,TUR,"31252,07694",,,,,,,,"314,8061472","0,314600057"
2019,YR2019,Turkmenistan,TKM,"15538,41997",,,,,,,,,"0,470046637"
2020,YR2020,Turkmenistan,TKM,,,,,,,,,,
2021,YR2021,Turkmenistan,TKM,,,,,,,,,,
2019,YR2019,Turks and Caicos Islands,TCA,"29251,07773",,,,,1599000,,,,"1,028382546"
2020,YR2020,Turks and Caicos Islands,TCA,"21126,94785",,,,,"370399,9939",,,,"1,071618667"
2021,YR2021,Turks and Caicos Islands,TCA,"21291,26149",,,,,,,,,"1,028070446"
2019,YR2019,Tuvalu,TUV,"4527,683995","13,13166863","9800000,191",3500000,"6300000,191","3599,999905",,,,"0,985923842"
2020,YR2020,Tuvalu,TUV,"4542,885414",,,,,,,,,"0,974359611"
2021,YR2021,Tuvalu,TUV,"4626,314504",,,,,,,,,"1,041129646"
2019,YR2019,Uganda,UGA,"2182,899761","6,105759717",596000000,178000000,418000000,1543000,,,"173,8712682","0,351022353"
2020,YR2020,Uganda,UGA,"2175,031098","2,614301941",268000000,158000000,110000000,473000,,,"180,4686791","0,35831502"
2021,YR2021,Uganda,UGA,"2182,570446",,,,,,,,,"0,357857814"
2019,YR2019,Ukraine,UKR,"12804,95508","11,70941407",8907000000,390000000,8517000000,13710000,29346000,"3,5","281,6585956","0,274361268"
2020,YR2020,Ukraine,UKR,"12407,79004","7,645240548",4823000000,132000000,4691000000,3382000,11251000,,"289,3548945","0,286670125"
2021,YR2021,Ukraine,UKR,"12943,61426",,,,,,,,,"0,340059288"
2019,YR2019,United Arab Emirates,ARE,"68263,67553",,18382000000,,,25282000,18906000,,"114,5246605","0,600205405"
2020,YR2020,United Arab Emirates,ARE,"63299,42297",,15085000000,,,8084000,6458000,,"112,1432311","0,543458136"
2021,YR2021,United Arab Emirates,ARE,,,,,,,,,,
2019,YR2019,United Kingdom,GBR,"47368,58441",,,,71516000000,40857000,93086000,,"119,6227113","0,878246595"
2020,YR2020,United Kingdom,GBR,"42820,56542",,,,21698000000,11101000,23827000,,"120,8063621","0,883318428"
2021,YR2021,United Kingdom,GBR,"45839,15343",,,,,,,,"123,8487146","0,952874987"
2019,YR2019,United States,USA,"62458,75335","5,993446083","1,86079E+11",52794000000,"1,33285E+11",165478000,"170930093,8",,"117,2441955",1
2020,YR2020,United States,USA,"59755,15266","1,73727662",48837000000,13031000000,35806000000,45037000,"60549898,44",,"118,6905016",1
2021,YR2021,United States,USA,"63069,22555",,,,,,,,"124,2664138",1
2019,YR2019,Uruguay,URY,"23032,73404","10,67767519",1424000000,214000000,1210000000,3480000,2199000,,"202,9219834","0,736852606"
2020,YR2020,Uruguay,URY,"21548,1196","3,674218636",412000000,71000000,341000000,,,,"222,7198767","0,678399737"
2021,YR2021,Uruguay,URY,"22415,40429",,,,,,,,"239,9760212","0,691181185"
2019,YR2019,Uzbekistan,UZB,"7348,146883","10,36879345",2753000000,440000000,2313000000,6749000,8437000,"6,8",,"0,232951992"
2020,YR2020,Uzbekistan,UZB,"7344,220326","4,707529374",1062000000,174000000,888000000,,,,,"0,225866057"
2021,YR2021,Uzbekistan,UZB,"7734,832414",,,,,,,,,"0,23337179"
2019,YR2019,Vanuatu,VUT,"3116,594618","7,275181081",32000000,6000000,26000000,256000,"36400,00153",,"117,1296693","0,96147117"
2020,YR2020,Vanuatu,VUT,"2878,475335","5,849954287",22000000,4000000,18000000,"82400,00153","9399,999619",,"123,3719202","0,961701089"
2021,YR2021,Vanuatu,VUT,"2826,473493",,,,,,,,"126,2628741","1,007180513"
2019,YR2019,"Venezuela, RB",VEN,,,,,,,,,,
2020,YR2020,"Venezuela, RB",VEN,,,,,,,,,,
2021,YR2021,"Venezuela, RB",VEN,,,,,,,,,,
2019,YR2019,Viet Nam,VNM,"10134,25903","2,468638046",6460000000,,,18009000,,,"163,5169479","0,324285038"
2020,YR2020,Viet Nam,VNM,"10338,27054","1,615963945",4360000000,,,3837000,,,"168,7837215","0,323379344"
2021,YR2021,Viet Nam,VNM,"10516,22281",,,,,,,,"171,8804227","0,319743503"
2019,YR2019,Virgin Islands (U.S.),VIR,,,,,,2074000,,,,
2020,YR2020,Virgin Islands (U.S.),VIR,,,,,,8612000,,,,
2021,YR2021,Virgin Islands (U.S.),VIR,,,,,,,,,,
2019,YR2019,West Bank and Gaza,PSE,"6245,448697","9,976787366",914000000,24000000,890000000,688000,,"7,5","112,516118","0,561812635"
2020,YR2020,West Bank and Gaza,PSE,"5402,538773","7,030144384",567000000,9000000,558000000,93000,,,"111,6887509","0,567450828"
2021,YR2021,West Bank and Gaza,PSE,"5643,072243",,,,,,,,"113,070878","0,591015083"
2019,YR2019,"Yemen, Rep.",YEM,,,,,,,,,,
2020,YR2020,"Yemen, Rep.",YEM,,,,,,,,,,
2021,YR2021,"Yemen, Rep.",YEM,,,,,,,,,,
2019,YR2019,Zambia,ZMB,"3470,435511","6,359114199",511000000,213000000,298000000,1266000,,"4,2","212,308759","0,360806119"
2020,YR2020,Zambia,ZMB,"3277,81651","8,121647034",474000000,240000000,234000000,502000,,,"245,7104152","0,284940395"
2021,YR2021,Zambia,ZMB,"3298,626768",,,,,,,,"299,8188814","0,309237041"
2019,YR2019,Zimbabwe,ZWE,"2310,634802","4,760582619",257000000,53000000,204000000,2294000,3275000,,"414,6843089","0,546784196"
2020,YR2020,Zimbabwe,ZWE,"2134,555461","2,860108725",157000000,22000000,135000000,639000,,,"2725,312815","0,539433147"
2021,YR2021,Zimbabwe,ZWE,"2225,094972",,,,,,,,"5411,002445","0,710652257"